;d1q3.allKeys;d1dl.allKeys;d1h8.allKeys;d1a7.allKeys;d1lt.allKeys;d1au.allKeys
d1q3.allKeys;1.000000000000;;;;;
d1dl.allKeys;0.684480177242;1.000000000000;;;;
d1h8.allKeys;0.557661226664;0.794360033391;1.000000000000;;;
d1a7.allKeys;0.647014108192;0.865288722776;0.861412158981;1.000000000000;;
d1lt.allKeys;0.687877954811;0.792488786832;0.750843941955;0.77574144236;1.000000000000;
d1au.allKeys;0.688677308937;0.820946500618;0.733383404961;0.805556412099;0.751458762221;1.000000000000
