;d1q3.allKeys;d1dl.allKeys;d1h8.allKeys;d1a7.allKeys;d1lt.allKeys;d1au.allKeys
d1q3.allKeys;1.000000000000;;;;;
d1dl.allKeys;0.393853143123;1.000000000000;;;;
d1h8.allKeys;0.314156762408;0.448790925173;1.000000000000;;;
d1a7.allKeys;0.357089497208;0.531234409335;0.580901456982;1.000000000000;;
d1lt.allKeys;0.394103252728;0.537963886053;0.452438570751;0.483518664368;1.000000000000;
d1au.allKeys;0.401095836769;0.561163609212;0.429748577503;0.507153146192;0.496826642241;1.000000000000
